{"loss": 0.5556840896606445, "weight_loss": 0.4192120134830475, "quantized_loss": 0.534386396408081, "batch_gradient": 0.11098325252532959, "_timestamp": 1721999207.4104342, "_runtime": 20.496851205825806, "_step": 299, "_wandb": {"runtime": 18}}