{"loss": 0.2155373990535736, "weight_loss": 0.3479398488998413, "quantized_loss": 2.9435982704162598, "batch_gradient": 0.0010813982225954533, "_timestamp": 1720617765.0796115, "_runtime": 19.827622652053833, "_step": 599, "_wandb": {"runtime": 18}}