{"loss": 0.7631770372390747, "weight_loss": 4.445010662078857, "quantized_loss": 0.7927020788192749, "batch_gradient": 0.2867042124271393, "_timestamp": 1720598065.4008896, "_runtime": 10.947454690933228, "_step": 299, "_wandb": {"runtime": 10}}