{"acc": 0.7832772591941524, "loss": 0.25486056375375293, "_timestamp": 1720583523.7472394, "_runtime": 8.127997398376465, "_step": 7, "_wandb": {"runtime": 7}}