{"loss": 0.38106659054756165, "quantized_loss": 0.3642318844795227, "_timestamp": 1722846601.3011203, "_runtime": 10.539403200149536, "_step": 499, "_wandb": {"runtime": 9}}