{"loss": 0.5105277299880981, "weight_loss": 0.041084978729486465, "quantized_loss": 1.282089352607727, "batch_gradient": 0.005772460717707872, "_timestamp": 1720630754.7637956, "_runtime": 21.249544620513916, "_step": 599, "_wandb": {"runtime": 20}}