{"loss": 0.5344966650009155, "weight_loss": 0.42332515120506287, "quantized_loss": 0.5343236923217773, "batch_gradient": 0.004885464441031218, "_timestamp": 1721988849.3696725, "_runtime": 13.59151554107666, "_step": 299, "_wandb": {"runtime": 12}}