{"loss": 0.3381215035915375, "quantized_loss": 0.3785296678543091, "_timestamp": 1722103333.5285008, "_runtime": 15.244072914123535, "_step": 499, "_wandb": {"runtime": 14}}