{"loss": 0.24313516914844513, "weight_loss": 1.348867416381836, "quantized_loss": 2.8947091102600098, "batch_gradient": 0.007142163813114166, "_timestamp": 1721120633.8231444, "_runtime": 15.911240339279175, "_step": 299, "_wandb": {"runtime": 14}}