{"loss": 0.2519400715827942, "quantized_loss": 0.44868361949920654, "_timestamp": 1722103351.7828496, "_runtime": 14.994253635406494, "_step": 499, "_wandb": {"runtime": 13}}