{"loss": 23.00166893005371, "weight_loss": 0.014661291614174843, "quantized_loss": 33.57107162475586, "batch_gradient": 0.039657071232795715, "_timestamp": 1721118788.6212366, "_runtime": 13.148805618286133, "_step": 299, "_wandb": {"runtime": 11}}