{"loss": 0.5359540581703186, "weight_loss": 0.6065377593040466, "quantized_loss": 1.2529218196868896, "batch_gradient": 0.007659809663891792, "_timestamp": 1721119825.3142805, "_runtime": 13.958940505981445, "_step": 299, "_wandb": {"runtime": 13}}