{"loss": 0.5407254695892334, "weight_loss": 0.291411817073822, "quantized_loss": 0.5353981852531433, "batch_gradient": 0.06845097988843918, "_timestamp": 1721999183.6668518, "_runtime": 14.92366075515747, "_step": 299, "_wandb": {"runtime": 13}}