{"loss": 0.5303823351860046, "weight_loss": 0.26284459233283997, "quantized_loss": 0.5328653454780579, "batch_gradient": 0.0019253542413935065, "_timestamp": 1721999164.0376823, "_runtime": 14.782401323318481, "_step": 299, "_wandb": {"runtime": 12}}