{"loss": 0.6317326426506042, "weight_loss": 0.35614168643951416, "quantized_loss": 0.9556596875190735, "batch_gradient": 0.13829374313354492, "_timestamp": 1720624774.4691093, "_runtime": 29.431807279586792, "_step": 899, "_wandb": {"runtime": 27}}