{"loss": 0.21962115168571472, "weight_loss": 0.5605037808418274, "quantized_loss": 2.9441676139831543, "batch_gradient": 0.02255868725478649, "_timestamp": 1721120706.1348126, "_runtime": 16.301676511764526, "_step": 299, "_wandb": {"runtime": 14}}