{"loss": 0.6821004748344421, "weight_loss": 0.31495943665504456, "quantized_loss": 3.4523613452911377, "batch_gradient": 0.29722827672958374, "_timestamp": 1721119372.6370876, "_runtime": 14.056578636169434, "_step": 299, "_wandb": {"runtime": 12}}