{"loss": 0.5337019562721252, "weight_loss": 0.27678874135017395, "quantized_loss": 0.5331977605819702, "batch_gradient": 0.004365649074316025, "_timestamp": 1721988931.9228778, "_runtime": 12.805129766464233, "_step": 299, "_wandb": {"runtime": 11}}