{"loss": 0.021049486473202705, "weight_loss": 0.3130298852920532, "quantized_loss": 0.13660065829753876, "batch_gradient": 0.2653658986091614, "_timestamp": 1721119228.4997222, "_runtime": 13.308112144470215, "_step": 299, "_wandb": {"runtime": 11}}