{"loss": 0.6272818446159363, "weight_loss": 3.108160972595215, "quantized_loss": 0.7042371034622192, "batch_gradient": 0.4893321692943573, "_timestamp": 1721998077.8146844, "_runtime": 14.538149356842041, "_step": 299, "_wandb": {"runtime": 13}}