{"loss": 0.02149517647922039, "weight_loss": 0.3148742616176605, "quantized_loss": 0.13841412961483002, "batch_gradient": 0.3189883530139923, "_timestamp": 1721118983.440451, "_runtime": 15.322466850280762, "_step": 299, "_wandb": {"runtime": 13}}