{"loss": 0.38915160298347473, "weight_loss": 0.9214969873428345, "quantized_loss": 0.3853158950805664, "batch_gradient": 0.008456578478217125, "_timestamp": 1721121270.5581143, "_runtime": 15.024047374725342, "_step": 299, "_wandb": {"runtime": 13}}