{"loss": 0.3625853955745697, "weight_loss": 0.48051774501800537, "quantized_loss": 1.9945645332336426, "batch_gradient": 0.001496870769187808, "_timestamp": 1720618921.4242282, "_runtime": 21.109421253204346, "_step": 599, "_wandb": {"runtime": 19}}