{"loss": 0.5502301454544067, "weight_loss": 0.7443827390670776, "quantized_loss": 1.2361464500427246, "batch_gradient": 0.0077668651938438416, "_timestamp": 1721051427.798597, "_runtime": 13.685073137283325, "_step": 299, "_wandb": {"runtime": 12}}