{"loss": 0.5370577573776245, "weight_loss": 0.3080693483352661, "quantized_loss": 0.536372721195221, "batch_gradient": 0.005543586798012257, "_timestamp": 1721988832.537424, "_runtime": 11.825091123580933, "_step": 299, "_wandb": {"runtime": 11}}