{"loss": 0.6407265663146973, "weight_loss": 0.33724451065063477, "quantized_loss": 0.9387286305427551, "batch_gradient": 0.12126128375530243, "_timestamp": 1721049623.2779686, "_runtime": 17.035472631454468, "_step": 599, "_wandb": {"runtime": 15}}