{"loss": 0.6252257227897644, "weight_loss": 0.14445893466472626, "quantized_loss": 0.00566864013671875, "batch_gradient": 0.023341745138168335, "_timestamp": 1721118266.7028563, "_runtime": 15.039514303207397, "_step": 299, "_wandb": {"runtime": 13}}