{"loss": 1.191276442114031e-05, "weight_loss": 1.5085527896881104, "quantized_loss": 0.026617558673024178, "batch_gradient": 5.125465349919978e-07, "_timestamp": 1721117805.948264, "_runtime": 14.71046495437622, "_step": 299, "_wandb": {"runtime": 13}}