{"loss": 0.3666086494922638, "weight_loss": 0.055399633944034576, "quantized_loss": 2.004786729812622, "batch_gradient": 0.0038562240079045296, "_timestamp": 1720618565.3173633, "_runtime": 19.731159210205078, "_step": 599, "_wandb": {"runtime": 19}}