{"loss": 0.20712628960609436, "weight_loss": 0.4175289273262024, "quantized_loss": 2.879551649093628, "batch_gradient": 0.032661959528923035, "_timestamp": 1721050395.1977575, "_runtime": 12.468079566955566, "_step": 299, "_wandb": {"runtime": 10}}