{"loss": 0.6289872527122498, "weight_loss": 0.005826781503856182, "quantized_loss": 0.948747992515564, "batch_gradient": 0.005897474475204945, "_timestamp": 1721049561.9842086, "_runtime": 23.450937509536743, "_step": 599, "_wandb": {"runtime": 22}}