{"loss": 0.545424222946167, "weight_loss": 0.5652636885643005, "quantized_loss": 1.2324442863464355, "batch_gradient": 0.008990864269435406, "_timestamp": 1721120250.783818, "_runtime": 14.488821983337402, "_step": 299, "_wandb": {"runtime": 11}}