{"loss": 0.6316425204277039, "weight_loss": 3.1108462810516357, "quantized_loss": 0.726152241230011, "batch_gradient": 0.49340149760246277, "_timestamp": 1721998148.0692914, "_runtime": 14.431577444076538, "_step": 299, "_wandb": {"runtime": 12}}