{"loss": 0.3981337249279022, "weight_loss": 0.0685538649559021, "quantized_loss": 1.9393728971481323, "batch_gradient": 0.004009486176073551, "_timestamp": 1720618870.9416163, "_runtime": 18.916916370391846, "_step": 599, "_wandb": {"runtime": 18}}