{"loss": 0.5437209010124207, "weight_loss": 0.3362966775894165, "quantized_loss": 1.2410645484924316, "batch_gradient": 0.00796512234956026, "_timestamp": 1720601449.6802013, "_runtime": 39.53279232978821, "_step": 1799, "_wandb": {"runtime": 39}}