{"loss": 23.7737979888916, "weight_loss": 0.04869930073618889, "quantized_loss": 34.31546401977539, "batch_gradient": 0.9834395051002502, "_timestamp": 1721118772.3529248, "_runtime": 12.841192722320557, "_step": 299, "_wandb": {"runtime": 11}}