{"loss": 0.3836436867713928, "weight_loss": 0.06490126252174377, "quantized_loss": 1.951704740524292, "batch_gradient": 0.005578928627073765, "_timestamp": 1720617907.5288336, "_runtime": 19.85975956916809, "_step": 599, "_wandb": {"runtime": 18}}