{"loss": 0.26315343379974365, "quantized_loss": 0.46574506163597107, "_timestamp": 1722846524.7595382, "_runtime": 17.374426126480103, "_step": 499, "_wandb": {"runtime": 15}}