{"loss": 0.3813725709915161, "weight_loss": 0.3599545657634735, "quantized_loss": 1.972304344177246, "batch_gradient": 0.0005741080385632813, "_timestamp": 1720618613.1992602, "_runtime": 20.26603627204895, "_step": 599, "_wandb": {"runtime": 18}}