{"loss": 0.5277413129806519, "weight_loss": 0.18701480329036713, "quantized_loss": 1.2562545537948608, "batch_gradient": 0.032535213977098465, "_timestamp": 1720630823.0256503, "_runtime": 18.684073209762573, "_step": 599, "_wandb": {"runtime": 17}}