{"loss": 0.29638606309890747, "quantized_loss": 0.4770340025424957, "_timestamp": 1722846570.2948933, "_runtime": 11.369571208953857, "_step": 499, "_wandb": {"runtime": 9}}