{"loss": 0.234964981675148, "weight_loss": 1.3605601787567139, "quantized_loss": 2.923790454864502, "batch_gradient": 0.005521769169718027, "_timestamp": 1721050311.4260175, "_runtime": 11.704534530639648, "_step": 299, "_wandb": {"runtime": 10}}