{"loss": 0.6162683367729187, "weight_loss": 2.821941614151001, "quantized_loss": 1.1645737886428833, "batch_gradient": 0.044230666011571884, "_timestamp": 1720597774.8303316, "_runtime": 8.946553468704224, "_step": 149, "_wandb": {"runtime": 8}}