{"loss": 0.5257099270820618, "weight_dist": 0.2981014847755432, "quantized_loss": 0.525678813457489, "batch_gradient": 0.0025127818807959557, "_timestamp": 1722103290.1277628, "_runtime": 13.044259786605835, "_step": 299, "_wandb": {"runtime": 11}}