{"loss": 22.699613571166992, "weight_loss": 0.05342423915863037, "quantized_loss": 33.49811553955078, "batch_gradient": 0.023822596296668053, "_timestamp": 1721118699.1948934, "_runtime": 14.356282472610474, "_step": 299, "_wandb": {"runtime": 12}}