{"loss": 0.5339521765708923, "weight_dist": 0.2534730136394501, "quantized_loss": 0.5313625335693359, "batch_gradient": 0.05481021851301193, "_timestamp": 1722103350.672593, "_runtime": 16.770318031311035, "_step": 299, "_wandb": {"runtime": 15}}