{"loss": 0.411713182926178, "weight_loss": 0.3255060315132141, "quantized_loss": 1.9379088878631592, "batch_gradient": 0.04671967774629593, "_timestamp": 1720624876.056064, "_runtime": 21.068127870559692, "_step": 599, "_wandb": {"runtime": 20}}