{"loss": 0.021167898550629616, "weight_loss": 0.313198059797287, "quantized_loss": 0.13451984524726868, "batch_gradient": 0.2722136080265045, "_timestamp": 1721119194.9717221, "_runtime": 13.75257420539856, "_step": 299, "_wandb": {"runtime": 12}}