{"loss": 0.5260851979255676, "weight_loss": 0.04023290053009987, "quantized_loss": 1.2610641717910767, "batch_gradient": 0.005005175713449717, "_timestamp": 1720630779.9945054, "_runtime": 21.570069313049316, "_step": 599, "_wandb": {"runtime": 20}}