{"loss": 0.38861724734306335, "weight_loss": 0.5125002264976501, "quantized_loss": 0.3894224464893341, "batch_gradient": 0.005333772394806147, "_timestamp": 1721998323.3906898, "_runtime": 10.557742834091187, "_step": 202, "_wandb": {"runtime": 18}}