{"loss": 0.38037851452827454, "weight_loss": 0.9027535319328308, "quantized_loss": 1.9527432918548584, "batch_gradient": 0.005969391670078039, "_timestamp": 1721044643.677645, "_runtime": 12.524627923965454, "_step": 299, "_wandb": {"runtime": 11}}