{"loss": 0.38846322894096375, "weight_loss": 0.06761831045150757, "quantized_loss": 1.9536526203155518, "batch_gradient": 0.003976136911660433, "_timestamp": 1720618896.5829964, "_runtime": 22.364131450653076, "_step": 599, "_wandb": {"runtime": 20}}