{"loss": 0.32922035455703735, "quantized_loss": 0.3235360085964203, "_timestamp": 1722846615.8224113, "_runtime": 10.02227520942688, "_step": 499, "_wandb": {"runtime": 8}}