{"loss": 0.6015033721923828, "weight_loss": 0.1444769650697708, "quantized_loss": 0.9899323582649231, "batch_gradient": 0.004261627793312073, "_timestamp": 1720624741.2284336, "_runtime": 20.378538608551025, "_step": 599, "_wandb": {"runtime": 18}}