{"loss": 0.379703551530838, "weight_loss": 1.0200518369674683, "quantized_loss": 0.3703891336917877, "batch_gradient": 0.009678841568529606, "_timestamp": 1721121291.5466602, "_runtime": 16.32784914970398, "_step": 299, "_wandb": {"runtime": 14}}