{"loss": 0.19890958070755005, "weight_loss": 0.06410346925258636, "quantized_loss": 2.94553542137146, "batch_gradient": 0.004500770941376686, "_timestamp": 1720617741.4593856, "_runtime": 19.295023679733276, "_step": 599, "_wandb": {"runtime": 17}}