{"loss": 0.5464746952056885, "weight_loss": 0.05316360667347908, "quantized_loss": 1.2372329235076904, "batch_gradient": 0.004135333467274904, "_timestamp": 1721049033.7300186, "_runtime": 27.01806950569153, "_step": 599, "_wandb": {"runtime": 26}}