{"loss": 0.6931473612785339, "weight_loss": 3.1622776985168457, "quantized_loss": 0.6741237640380859, "batch_gradient": 0.5603023171424866, "_timestamp": 1720618513.766339, "_runtime": 18.777538061141968, "_step": 599, "_wandb": {"runtime": 17}}