{"loss": 0.39924976229667664, "weight_loss": 0.37914612889289856, "quantized_loss": 0.39966556429862976, "batch_gradient": 0.02622964046895504, "_timestamp": 1721998405.6114848, "_runtime": 14.267246723175049, "_step": 299, "_wandb": {"runtime": 12}}