{"loss": 0.5180029273033142, "weight_loss": 0.40726572275161743, "quantized_loss": 1.2681089639663696, "batch_gradient": 0.0016271746717393398, "_timestamp": 1721051443.517598, "_runtime": 12.383508920669556, "_step": 299, "_wandb": {"runtime": 10}}