{"loss": 0.572175920009613, "weight_loss": 0.6328792572021484, "quantized_loss": 1.2493394613265991, "batch_gradient": 0.1668364554643631, "_timestamp": 1721051459.6839278, "_runtime": 12.509239673614502, "_step": 299, "_wandb": {"runtime": 11}}