{"loss": 0.6817784309387207, "weight_loss": 0.31496065855026245, "quantized_loss": 3.469167470932007, "batch_gradient": 0.29740235209465027, "_timestamp": 1721119320.280974, "_runtime": 14.494114875793457, "_step": 299, "_wandb": {"runtime": 13}}