{"loss": 0.3126842975616455, "quantized_loss": 0.43561163544654846, "_timestamp": 1722846587.0714765, "_runtime": 12.279442548751831, "_step": 499, "_wandb": {"runtime": 10}}