{"loss": 0.38787660002708435, "weight_loss": 0.36579105257987976, "quantized_loss": 0.38497307896614075, "batch_gradient": 0.03611809387803078, "_timestamp": 1721121346.672664, "_runtime": 14.216145038604736, "_step": 299, "_wandb": {"runtime": 12}}