{"loss": 0.021519942209124565, "weight_loss": 0.3149219751358032, "quantized_loss": 0.13679897785186768, "batch_gradient": 0.3040030300617218, "_timestamp": 1721119123.943933, "_runtime": 13.814279079437256, "_step": 299, "_wandb": {"runtime": 13}}