{"loss": 0.6134076118469238, "weight_loss": 0.29098764061927795, "quantized_loss": 0.612626850605011, "batch_gradient": 0.0013210156466811895, "_timestamp": 1721988549.0497093, "_runtime": 13.544499397277832, "_step": 299, "_wandb": {"runtime": 11}}