{"loss": 0.7155402898788452, "weight_loss": 4.062675476074219, "quantized_loss": 0.6090626120567322, "batch_gradient": 0.24613703787326813, "_timestamp": 1721044839.6709993, "_runtime": 21.51757836341858, "_step": 599, "_wandb": {"runtime": 19}}