{"loss": 0.02092786878347397, "weight_loss": 0.31300950050354004, "quantized_loss": 0.14013397693634033, "batch_gradient": 0.28188592195510864, "_timestamp": 1721119037.101312, "_runtime": 12.616602897644043, "_step": 299, "_wandb": {"runtime": 11}}