{"loss": 21.537405014038086, "weight_loss": 0.06752465665340424, "quantized_loss": 34.31363296508789, "batch_gradient": 0.04206005856394768, "_timestamp": 1721118717.4591694, "_runtime": 14.466466426849365, "_step": 299, "_wandb": {"runtime": 12}}