{"loss": 0.3877221941947937, "weight_loss": 0.43144941329956055, "quantized_loss": 0.3881502151489258, "batch_gradient": 0.0019118193304166198, "_timestamp": 1721121311.784174, "_runtime": 17.04116201400757, "_step": 299, "_wandb": {"runtime": 15}}