{"loss": 0.4775724411010742, "quantized_loss": 0.5019564032554626, "_timestamp": 1722847081.5788217, "_runtime": 11.226566553115845, "_step": 499, "_wandb": {"runtime": 9}}