{"loss": 0.5627700686454773, "weight_dist": 0.29894787073135376, "quantized_loss": 0.5627750158309937, "batch_gradient": 0.0019907657988369465, "_timestamp": 1722103308.0567322, "_runtime": 14.77524209022522, "_step": 299, "_wandb": {"runtime": 13}}