{"loss": 0.4064703583717346, "weight_loss": 0.3272740840911865, "quantized_loss": 0.40777403116226196, "batch_gradient": 0.0031098080798983574, "_timestamp": 1721998388.0419462, "_runtime": 14.213913202285767, "_step": 299, "_wandb": {"runtime": 12}}