{"loss": 0.021384164690971375, "weight_loss": 0.3145480751991272, "quantized_loss": 0.13860855996608734, "batch_gradient": 0.3126892149448395, "_timestamp": 1721118964.6246727, "_runtime": 13.453822612762451, "_step": 299, "_wandb": {"runtime": 11}}