{"loss": 0.6677437424659729, "weight_loss": 0.3132813572883606, "quantized_loss": 3.4783973693847656, "batch_gradient": 0.26592081785202026, "_timestamp": 1721119390.0389237, "_runtime": 14.429179668426514, "_step": 299, "_wandb": {"runtime": 12}}