{"loss": 1.7187056073453277e-05, "weight_loss": 1.5046857595443726, "quantized_loss": 0.026851369068026543, "batch_gradient": 5.166841106074571e-07, "_timestamp": 1721117859.8350072, "_runtime": 13.858721256256104, "_step": 299, "_wandb": {"runtime": 12}}