{"loss": 0.5302534103393555, "weight_dist": 0.2741309702396393, "quantized_loss": 0.5285006165504456, "batch_gradient": 0.013034463860094547, "_timestamp": 1722886193.3163078, "_runtime": 15.401258707046509, "_step": 299, "_wandb": {"runtime": 13}}