{"loss": 1.3939832570031285e-05, "weight_loss": 1.1999495029449463, "quantized_loss": 0.026820510625839233, "batch_gradient": 1.6526054196219775e-06, "_timestamp": 1721117914.5276158, "_runtime": 14.937894821166992, "_step": 299, "_wandb": {"runtime": 13}}