{"loss": 0.19161257147789001, "weight_loss": 1.5243725776672363, "quantized_loss": 2.987807035446167, "batch_gradient": 0.006814390420913696, "_timestamp": 1721050344.1919954, "_runtime": 12.607335329055786, "_step": 299, "_wandb": {"runtime": 11}}