{"loss": 0.9335769414901733, "weight_loss": 5.281756401062012, "quantized_loss": 0.8398700952529907, "batch_gradient": 0.29745838046073914, "_timestamp": 1720598102.84879, "_runtime": 14.424789905548096, "_step": 299, "_wandb": {"runtime": 13}}