{"loss": 0.5236769914627075, "weight_loss": 0.39852091670036316, "quantized_loss": 1.2784994840621948, "batch_gradient": 0.006320952903479338, "_timestamp": 1721120215.782379, "_runtime": 14.670934915542603, "_step": 299, "_wandb": {"runtime": 13}}