{"loss": 0.4157051146030426, "weight_loss": 0.6215409636497498, "quantized_loss": 0.39567840099334717, "batch_gradient": 0.08383151143789291, "_timestamp": 1721121329.5144792, "_runtime": 14.697066068649292, "_step": 299, "_wandb": {"runtime": 12}}