{"loss": 0.3541395664215088, "weight_loss": 0.9446852207183838, "quantized_loss": 0.35035622119903564, "batch_gradient": 0.009021084755659103, "_timestamp": 1721121233.8861382, "_runtime": 15.960437297821045, "_step": 299, "_wandb": {"runtime": 15}}