{"loss": 0.40773165225982666, "weight_loss": 0.06013261526823044, "quantized_loss": 1.903132677078247, "batch_gradient": 0.0036071520298719406, "_timestamp": 1720602369.8640623, "_runtime": 20.035072326660156, "_step": 599, "_wandb": {"runtime": 18}}