{"loss": 0.6104850172996521, "weight_dist": 0.2740462124347687, "quantized_loss": 0.6113669276237488, "batch_gradient": 0.004170318599790335, "_timestamp": 1722884761.087637, "_runtime": 13.226006984710693, "_step": 299, "_wandb": {"runtime": 11}}