{"loss": 0.5497646927833557, "weight_loss": 0.37819722294807434, "quantized_loss": 1.2265706062316895, "batch_gradient": 0.06373139470815659, "_timestamp": 1721051475.8153067, "_runtime": 12.620927572250366, "_step": 299, "_wandb": {"runtime": 11}}