{"loss": 0.2295098602771759, "weight_loss": 1.1653013229370117, "quantized_loss": 2.8654885292053223, "batch_gradient": 0.00617696437984705, "_timestamp": 1721120614.5857956, "_runtime": 14.993332624435425, "_step": 299, "_wandb": {"runtime": 13}}