{"loss": 0.5605393648147583, "weight_loss": 0.39768898487091064, "quantized_loss": 1.2400459051132202, "batch_gradient": 0.08286933600902557, "_timestamp": 1721044889.435205, "_runtime": 21.266741037368774, "_step": 599, "_wandb": {"runtime": 19}}