{"loss": 0.38097867369651794, "weight_loss": 0.5348261594772339, "quantized_loss": 1.9729702472686768, "batch_gradient": 0.0017714789137244225, "_timestamp": 1721044659.5888622, "_runtime": 12.84654426574707, "_step": 299, "_wandb": {"runtime": 11}}