{"loss": 0.6331070065498352, "weight_loss": 0.3182680606842041, "quantized_loss": 0.005577990785241127, "batch_gradient": 0.009028064087033272, "_timestamp": 1721118230.5403073, "_runtime": 15.080494165420532, "_step": 299, "_wandb": {"runtime": 13}}