{"loss": 0.6045424938201904, "weight_loss": 0.05050065740942955, "quantized_loss": 0.9766078591346741, "batch_gradient": 0.0021539442241191864, "_timestamp": 1720677549.9062035, "_runtime": 15.07495641708374, "_step": 599, "_wandb": {"runtime": 13}}