{"loss": 0.4065215289592743, "weight_loss": 0.5178720951080322, "quantized_loss": 1.9113328456878662, "batch_gradient": 0.026054423302412033, "_timestamp": 1721044677.5226028, "_runtime": 14.7510347366333, "_step": 299, "_wandb": {"runtime": 13}}