{"loss": 0.39834004640579224, "weight_loss": 1.0956213474273682, "quantized_loss": 1.9538112878799438, "batch_gradient": 0.0078591238707304, "_timestamp": 1721044627.2080734, "_runtime": 18.682068347930908, "_step": 299, "_wandb": {"runtime": 17}}