{"loss": 0.3963434100151062, "weight_loss": 0.3842819035053253, "quantized_loss": 1.9232970476150513, "batch_gradient": 0.0033815926872193813, "_timestamp": 1720617957.542325, "_runtime": 21.189656972885132, "_step": 599, "_wandb": {"runtime": 19}}