{"loss": 0.6038482785224915, "weight_loss": 0.18118952214717865, "quantized_loss": 0.604991614818573, "batch_gradient": 0.009333809837698936, "_timestamp": 1721988583.0911584, "_runtime": 12.771949291229248, "_step": 299, "_wandb": {"runtime": 11}}