{"loss": 0.6931473612785339, "weight_loss": 3.1622776985168457, "quantized_loss": 3.5418617725372314, "batch_gradient": 0.33047330379486084, "_timestamp": 1720630847.8577757, "_runtime": 21.40535259246826, "_step": 599, "_wandb": {"runtime": 19}}