{"loss": 0.6302456259727478, "weight_loss": 0.2902829349040985, "quantized_loss": 0.6296337246894836, "batch_gradient": 0.005966703873127699, "_timestamp": 1721988515.8501978, "_runtime": 12.296764850616455, "_step": 299, "_wandb": {"runtime": 10}}