{"loss": 0.5356870293617249, "weight_loss": 0.6278810501098633, "quantized_loss": 1.2558201551437378, "batch_gradient": 0.009383564814925194, "_timestamp": 1721119879.2453322, "_runtime": 14.37110424041748, "_step": 299, "_wandb": {"runtime": 12}}