{"loss": 0.554765522480011, "weight_dist": 0.2599777579307556, "quantized_loss": 0.5558878183364868, "batch_gradient": 0.0038470185827463865, "_timestamp": 1722103272.8681087, "_runtime": 12.570466756820679, "_step": 299, "_wandb": {"runtime": 11}}