{"loss": 0.1889946311712265, "weight_loss": 3.1448605060577393, "quantized_loss": -1.5642458200454712, "batch_gradient": 0.7649411559104919, "_timestamp": 1721997807.163166, "_runtime": 8.965574026107788, "_step": 121, "_wandb": {"runtime": 259}}