{"loss": 0.5168492794036865, "weight_loss": 0.6196801662445068, "quantized_loss": 1.2815146446228027, "batch_gradient": 0.007710226811468601, "_timestamp": 1721119861.2543056, "_runtime": 15.147040605545044, "_step": 299, "_wandb": {"runtime": 13}}