{"loss": 0.2319835126399994, "weight_loss": 0.6163902282714844, "quantized_loss": 2.9055464267730713, "batch_gradient": 0.0030021423008292913, "_timestamp": 1721120667.6886756, "_runtime": 13.421005725860596, "_step": 299, "_wandb": {"runtime": 11}}