{"loss": 0.021517589688301086, "weight_loss": 0.31487807631492615, "quantized_loss": 0.13644742965698242, "batch_gradient": 0.3189536929130554, "_timestamp": 1721118947.2922816, "_runtime": 13.453417539596558, "_step": 299, "_wandb": {"runtime": 12}}