{"loss": 0.02155429497361183, "weight_loss": 0.31487715244293213, "quantized_loss": 0.13505497574806213, "batch_gradient": 0.31897273659706116, "_timestamp": 1721119003.0540726, "_runtime": 15.646825551986694, "_step": 299, "_wandb": {"runtime": 14}}