{"loss": 0.4005791246891022, "weight_loss": 0.054898928850889206, "quantized_loss": 1.9362753629684448, "batch_gradient": 0.005296681076288223, "_timestamp": 1720624949.9587598, "_runtime": 19.178910732269287, "_step": 599, "_wandb": {"runtime": 18}}