{"loss": 0.6383460164070129, "weight_dist": 0.38303670287132263, "quantized_loss": 0.6141017079353333, "batch_gradient": 0.17486323416233063, "_timestamp": 1722884796.635226, "_runtime": 12.800447940826416, "_step": 299, "_wandb": {"runtime": 11}}