{"loss": 0.5337910652160645, "weight_loss": 0.26214277744293213, "quantized_loss": 0.5334133505821228, "batch_gradient": 0.003622930496931076, "_timestamp": 1721999145.6334467, "_runtime": 12.69083857536316, "_step": 299, "_wandb": {"runtime": 11}}