{"loss": 0.3985813558101654, "weight_loss": 0.5227183699607849, "quantized_loss": 1.9261949062347412, "batch_gradient": 0.027503859251737595, "_timestamp": 1720625023.678008, "_runtime": 18.055034160614014, "_step": 599, "_wandb": {"runtime": 16}}