{"loss": 0.6811904311180115, "weight_loss": 0.31495577096939087, "quantized_loss": 3.5272786617279053, "batch_gradient": 0.2970671057701111, "_timestamp": 1721119355.2632308, "_runtime": 13.726279735565186, "_step": 299, "_wandb": {"runtime": 12}}