{"loss": 0.38193169236183167, "weight_loss": 0.9608556628227234, "quantized_loss": 1.9631552696228027, "batch_gradient": 0.008622188121080399, "_timestamp": 1721120947.6438575, "_runtime": 17.39628553390503, "_step": 299, "_wandb": {"runtime": 16}}