{"loss": 0.49429240822792053, "weight_dist": 0.2852475047111511, "quantized_loss": 0.49807336926460266, "batch_gradient": 0.01746845617890358, "_timestamp": 1722886083.5474765, "_runtime": 16.371689558029175, "_step": 299, "_wandb": {"runtime": 15}}