{"loss": 0.5308610200881958, "weight_dist": 0.2735001742839813, "quantized_loss": 0.5318627953529358, "batch_gradient": 0.002011761534959078, "_timestamp": 1722886154.973019, "_runtime": 13.602269887924194, "_step": 299, "_wandb": {"runtime": 12}}