{"loss": 0.02151564694941044, "weight_loss": 0.314919114112854, "quantized_loss": 0.1383240818977356, "batch_gradient": 0.3039940297603607, "_timestamp": 1721119160.9555225, "_runtime": 15.162355422973633, "_step": 299, "_wandb": {"runtime": 13}}