{"loss": 0.270162969827652, "weight_loss": 0.7673372626304626, "quantized_loss": 2.8604671955108643, "batch_gradient": 0.03934379294514656, "_timestamp": 1721120686.4539437, "_runtime": 15.155466794967651, "_step": 299, "_wandb": {"runtime": 13}}