{"loss": 0.36992430686950684, "weight_loss": 0.06578929722309113, "quantized_loss": 2.017620086669922, "batch_gradient": 0.0033685683738440275, "_timestamp": 1720618589.5241458, "_runtime": 20.669721841812134, "_step": 599, "_wandb": {"runtime": 19}}