{"loss": 0.6672707200050354, "weight_loss": 0.3131992220878601, "quantized_loss": 3.4895365238189697, "batch_gradient": 0.2642730176448822, "_timestamp": 1721119423.0863273, "_runtime": 13.036383390426636, "_step": 299, "_wandb": {"runtime": 11}}