{"loss": 21.96010971069336, "weight_loss": 0.06563827395439148, "quantized_loss": 33.57550048828125, "batch_gradient": 0.039929360151290894, "_timestamp": 1721118738.0010211, "_runtime": 16.912682056427002, "_step": 299, "_wandb": {"runtime": 15}}