{"loss": 0.526944637298584, "weight_loss": 0.05041629076004028, "quantized_loss": 1.246417760848999, "batch_gradient": 0.00418368075042963, "_timestamp": 1721049002.7831974, "_runtime": 29.459092378616333, "_step": 599, "_wandb": {"runtime": 28}}