{"loss": 0.5174145698547363, "weight_dist": 0.273591548204422, "quantized_loss": 0.5179722309112549, "batch_gradient": 0.0023387358523905277, "_timestamp": 1722886137.7818475, "_runtime": 13.522070407867432, "_step": 299, "_wandb": {"runtime": 11}}