{"loss": 0.5609415173530579, "quantized_loss": 0.4637269973754883, "_timestamp": 1722847111.7788508, "_runtime": 10.616580724716187, "_step": 499, "_wandb": {"runtime": 9}}