{"loss": 0.5485763549804688, "weight_dist": 0.22699600458145142, "quantized_loss": 0.5499870777130127, "batch_gradient": 0.005840592551976442, "_timestamp": 1722103329.5652318, "_runtime": 17.831127882003784, "_step": 299, "_wandb": {"runtime": 15}}