{"loss": 0.3893013596534729, "weight_loss": 0.051930904388427734, "quantized_loss": 1.9439414739608765, "batch_gradient": 0.0046498822048306465, "_timestamp": 1720624975.1421044, "_runtime": 22.094618320465088, "_step": 599, "_wandb": {"runtime": 20}}