{"loss": 0.6245909333229065, "weight_dist": 0.24925275146961212, "quantized_loss": 0.6261141300201416, "batch_gradient": 0.01594764180481434, "_timestamp": 1722884689.6176746, "_runtime": 14.563779592514038, "_step": 299, "_wandb": {"runtime": 13}}