{"loss": 0.021472740918397903, "weight_loss": 0.3146088123321533, "quantized_loss": 0.13565398752689362, "batch_gradient": 0.29813453555107117, "_timestamp": 1721119142.63143, "_runtime": 15.26374888420105, "_step": 299, "_wandb": {"runtime": 13}}