{"loss": 0.3887292444705963, "weight_loss": 0.32961586117744446, "quantized_loss": 1.9640603065490723, "batch_gradient": 0.02781771868467331, "_timestamp": 1721044695.4914074, "_runtime": 14.576998472213745, "_step": 299, "_wandb": {"runtime": 13}}