{"loss": 0.40525785088539124, "weight_loss": 0.496454656124115, "quantized_loss": 1.905055046081543, "batch_gradient": 0.003372122999280691, "_timestamp": 1720625002.01479, "_runtime": 23.50594210624695, "_step": 599, "_wandb": {"runtime": 21}}