{"loss": 1.1184890270233154, "weight_loss": 4.868541717529297, "quantized_loss": 1.2015129327774048, "batch_gradient": 0.5487357974052429, "_timestamp": 1720597970.8871813, "_runtime": 8.76422119140625, "_step": 149, "_wandb": {"runtime": 8}}