{"loss": 0.22701209783554077, "weight_loss": 1.3341810703277588, "quantized_loss": 2.9394478797912598, "batch_gradient": 0.007154627237468958, "_timestamp": 1721120595.333472, "_runtime": 15.633924007415771, "_step": 299, "_wandb": {"runtime": 14}}