{"loss": 0.6167351603507996, "weight_dist": 0.26932743191719055, "quantized_loss": 0.6169136762619019, "batch_gradient": 0.005779707804322243, "_timestamp": 1722884724.9956992, "_runtime": 14.28623628616333, "_step": 299, "_wandb": {"runtime": 12}}