{"loss": 0.5267095565795898, "weight_loss": 0.5564067959785461, "quantized_loss": 1.2433384656906128, "batch_gradient": 0.008348443545401096, "_timestamp": 1721120197.868171, "_runtime": 14.297827959060669, "_step": 299, "_wandb": {"runtime": 13}}