{"loss": 0.2245415896177292, "weight_loss": 1.3478734493255615, "quantized_loss": 2.9192006587982178, "batch_gradient": 0.007157653570175171, "_timestamp": 1721120651.0023966, "_runtime": 14.045697689056396, "_step": 299, "_wandb": {"runtime": 12}}