{"loss": 0.021525442600250244, "weight_loss": 0.3149219751358032, "quantized_loss": 0.13695479929447174, "batch_gradient": 0.30404332280158997, "_timestamp": 1721119177.9632976, "_runtime": 13.909175634384155, "_step": 299, "_wandb": {"runtime": 12}}