{"loss": 0.020974528044462204, "weight_loss": 0.31309738755226135, "quantized_loss": 0.13947470486164093, "batch_gradient": 0.2850683629512787, "_timestamp": 1721119020.711234, "_runtime": 14.237958192825317, "_step": 299, "_wandb": {"runtime": 12}}