{"loss": 2.1582502085948363e-05, "weight_loss": 1.1457635164260864, "quantized_loss": 0.026502428576350212, "batch_gradient": 1.0682332458600285e-06, "_timestamp": 1721117895.827105, "_runtime": 15.719006061553955, "_step": 299, "_wandb": {"runtime": 14}}