{"loss": 0.5308017134666443, "weight_loss": 0.007972005754709244, "quantized_loss": 1.2519975900650024, "batch_gradient": 0.003028683830052614, "_timestamp": 1721049397.500435, "_runtime": 28.01236915588379, "_step": 599, "_wandb": {"runtime": 26}}