{"loss": -0.4245777726173401, "weight_loss": 3.2082319259643555, "quantized_loss": -3.4806931018829346, "batch_gradient": 0.8437512516975403, "_timestamp": 1721997622.5466762, "_runtime": 12.712179183959961, "_step": 299, "_wandb": {"runtime": 11}}