{"loss": 0.4628542363643646, "quantized_loss": 0.4932646155357361, "_timestamp": 1722847020.5876064, "_runtime": 11.165481328964233, "_step": 499, "_wandb": {"runtime": 10}}