{"loss": 0.5202703475952148, "weight_loss": 0.003677717177197337, "quantized_loss": 1.2814334630966187, "batch_gradient": 0.0028818072751164436, "_timestamp": 1721049365.7109058, "_runtime": 24.973848819732666, "_step": 599, "_wandb": {"runtime": 24}}