{"loss": 0.6243587732315063, "weight_loss": 3.108160972595215, "quantized_loss": 0.6473410725593567, "batch_gradient": 0.4893321096897125, "_timestamp": 1721998094.5061312, "_runtime": 13.322494268417358, "_step": 299, "_wandb": {"runtime": 11}}