{"loss": -0.42098239064216614, "weight_loss": 3.208712100982666, "quantized_loss": -3.4920654296875, "batch_gradient": 0.8440330028533936, "_timestamp": 1721997675.2725718, "_runtime": 14.152747869491577, "_step": 299, "_wandb": {"runtime": 12}}