{"loss": 0.6252386569976807, "weight_loss": 0.6527227759361267, "quantized_loss": 0.005710034631192684, "batch_gradient": 0.0071197375655174255, "_timestamp": 1721118211.6483457, "_runtime": 14.961188793182373, "_step": 299, "_wandb": {"runtime": 12}}