{"loss": 0.36826446652412415, "weight_loss": 0.3617269992828369, "quantized_loss": 1.9187346696853638, "batch_gradient": 0.00084161595441401, "_timestamp": 1720602391.9877293, "_runtime": 18.555867195129395, "_step": 599, "_wandb": {"runtime": 17}}