{"loss": 0.5374138355255127, "weight_dist": 0.3052334785461426, "quantized_loss": 0.5285206437110901, "batch_gradient": 0.06154194101691246, "_timestamp": 1722886174.3597019, "_runtime": 15.72420883178711, "_step": 299, "_wandb": {"runtime": 14}}