{"loss": 0.22268447279930115, "weight_loss": 0.8889724016189575, "quantized_loss": 2.936269998550415, "batch_gradient": 0.002759357914328575, "_timestamp": 1721050360.767332, "_runtime": 13.188927173614502, "_step": 299, "_wandb": {"runtime": 11}}