{"loss": 0.5299696922302246, "quantized_loss": 0.5545606017112732, "_timestamp": 1722847066.5886648, "_runtime": 11.339396715164185, "_step": 499, "_wandb": {"runtime": 9}}