{"loss": 0.6213280558586121, "weight_loss": 0.6518176794052124, "quantized_loss": 0.005676514469087124, "batch_gradient": 0.0062285312451422215, "_timestamp": 1721118157.8681986, "_runtime": 12.642073631286621, "_step": 299, "_wandb": {"runtime": 11}}