{"loss": 0.226560577750206, "weight_loss": 1.535142183303833, "quantized_loss": 2.92832350730896, "batch_gradient": 0.00673218397423625, "_timestamp": 1721050328.3020675, "_runtime": 12.900977611541748, "_step": 299, "_wandb": {"runtime": 11}}