{"loss": 0.6188992857933044, "weight_loss": 0.39897775650024414, "quantized_loss": 0.005757797043770552, "batch_gradient": 0.09929537028074265, "_timestamp": 1721118248.4351907, "_runtime": 14.670693635940552, "_step": 299, "_wandb": {"runtime": 13}}