{"loss": 0.5479981303215027, "weight_loss": 0.6989456415176392, "quantized_loss": 1.2421486377716064, "batch_gradient": 0.12464231252670288, "_timestamp": 1721120284.6386404, "_runtime": 13.101859331130981, "_step": 299, "_wandb": {"runtime": 11}}