{"loss": 0.6270960569381714, "weight_loss": 3.108160972595215, "quantized_loss": 0.7283666133880615, "batch_gradient": 0.4893321096897125, "_timestamp": 1721998112.1473863, "_runtime": 13.786386251449585, "_step": 299, "_wandb": {"runtime": 12}}