{"loss": 0.5449374914169312, "weight_loss": 0.3888583183288574, "quantized_loss": 0.5429266691207886, "batch_gradient": 0.0426824651658535, "_timestamp": 1721988915.5463274, "_runtime": 11.653291463851929, "_step": 299, "_wandb": {"runtime": 10}}