{"loss": 1.7840086002252065e-05, "weight_loss": 1.5094091892242432, "quantized_loss": 0.026676224544644356, "batch_gradient": 5.066703465672617e-07, "_timestamp": 1721117842.215762, "_runtime": 14.024397850036621, "_step": 299, "_wandb": {"runtime": 12}}