{"loss": 0.39842697978019714, "weight_loss": 0.3223620355129242, "quantized_loss": 0.39950788021087646, "batch_gradient": 0.003311017993837595, "_timestamp": 1721998351.2173445, "_runtime": 14.50086259841919, "_step": 299, "_wandb": {"runtime": 13}}