{"loss": 0.5626596212387085, "weight_loss": 0.6007999777793884, "quantized_loss": 1.2122756242752075, "batch_gradient": 0.004994117189198732, "_timestamp": 1721051394.070587, "_runtime": 13.25554084777832, "_step": 299, "_wandb": {"runtime": 12}}