{"loss": 0.5439955592155457, "weight_loss": 0.3231595754623413, "quantized_loss": 0.5447356104850769, "batch_gradient": 0.002453806111589074, "_timestamp": 1721988881.73479, "_runtime": 12.421983003616333, "_step": 299, "_wandb": {"runtime": 10}}