{"loss": 0.5290427803993225, "weight_loss": 0.44099316000938416, "quantized_loss": 1.2759844064712524, "batch_gradient": 0.005636435467749834, "_timestamp": 1721119842.9938712, "_runtime": 13.94478726387024, "_step": 299, "_wandb": {"runtime": 12}}