{"loss": 0.5312619209289551, "weight_loss": 0.5525914430618286, "quantized_loss": 1.2268353700637817, "batch_gradient": 0.008038338273763657, "_timestamp": 1721120232.725674, "_runtime": 13.609519004821777, "_step": 299, "_wandb": {"runtime": 12}}