{"loss": 0.6010730266571045, "weight_dist": 0.25958582758903503, "quantized_loss": 0.6019234657287598, "batch_gradient": 0.0013415265129879117, "_timestamp": 1722884707.2583494, "_runtime": 13.279587507247925, "_step": 299, "_wandb": {"runtime": 12}}