{"loss": 0.2080034613609314, "weight_loss": 0.06067153438925743, "quantized_loss": 2.914982795715332, "batch_gradient": 0.005327168386429548, "_timestamp": 1720617718.8191094, "_runtime": 19.823627471923828, "_step": 599, "_wandb": {"runtime": 18}}