{"loss": 0.556840181350708, "weight_loss": 0.377514511346817, "quantized_loss": 1.2286796569824219, "batch_gradient": 0.003803829662501812, "_timestamp": 1720630801.136854, "_runtime": 18.15667486190796, "_step": 599, "_wandb": {"runtime": 16}}