{"loss": 0.2618345320224762, "quantized_loss": 0.43402859568595886, "_timestamp": 1722846540.02406, "_runtime": 10.88850212097168, "_step": 499, "_wandb": {"runtime": 9}}