{"loss": 0.6214125156402588, "weight_loss": 3.104933500289917, "quantized_loss": 0.7087196707725525, "batch_gradient": 0.48371097445487976, "_timestamp": 1721998129.8751254, "_runtime": 14.358295440673828, "_step": 299, "_wandb": {"runtime": 12}}