{"loss": 0.33722227811813354, "quantized_loss": 0.39118871092796326, "_timestamp": 1722103380.6594481, "_runtime": 10.798960208892822, "_step": 499, "_wandb": {"runtime": 9}}