{"loss": 0.6047179102897644, "weight_dist": 0.2750685214996338, "quantized_loss": 0.6032611131668091, "batch_gradient": 0.009042451158165932, "_timestamp": 1722884744.5979614, "_runtime": 15.800127506256104, "_step": 299, "_wandb": {"runtime": 14}}