{"loss": 0.5518615245819092, "weight_loss": 0.3074176609516144, "quantized_loss": 1.2159826755523682, "batch_gradient": 0.006472294218838215, "_timestamp": 1721044864.298351, "_runtime": 21.046640157699585, "_step": 599, "_wandb": {"runtime": 19}}