{"loss": 0.20794253051280975, "weight_loss": 1.091631293296814, "quantized_loss": 2.9633116722106934, "batch_gradient": 0.029018854722380638, "_timestamp": 1721050377.879465, "_runtime": 13.352326154708862, "_step": 299, "_wandb": {"runtime": 11}}