{"loss": 0.2141958326101303, "weight_loss": 1.5312658548355103, "quantized_loss": 2.943782329559326, "batch_gradient": 0.006399079691618681, "_timestamp": 1721050296.0919573, "_runtime": 12.911367416381836, "_step": 299, "_wandb": {"runtime": 12}}