{"loss": 0.6141855716705322, "weight_loss": 0.049563679844141006, "quantized_loss": 0.9504653811454773, "batch_gradient": 0.0027199117466807365, "_timestamp": 1720677531.8370795, "_runtime": 16.077627420425415, "_step": 599, "_wandb": {"runtime": 15}}