{"loss": 0.3698464035987854, "weight_loss": 0.3266124129295349, "quantized_loss": 0.3698519766330719, "batch_gradient": 0.003921019844710827, "_timestamp": 1721998369.578149, "_runtime": 14.952079057693481, "_step": 299, "_wandb": {"runtime": 12}}