{"loss": 0.021082310006022453, "weight_loss": 0.31290262937545776, "quantized_loss": 0.1351679116487503, "batch_gradient": 0.26150211691856384, "_timestamp": 1721119211.669445, "_runtime": 13.521005153656006, "_step": 299, "_wandb": {"runtime": 11}}