{"loss": 0.529837429523468, "weight_loss": 0.32261040806770325, "quantized_loss": 0.5310391783714294, "batch_gradient": 0.006050720810890198, "_timestamp": 1721988865.7269957, "_runtime": 12.901991605758667, "_step": 299, "_wandb": {"runtime": 11}}