{"loss": 0.4372836947441101, "quantized_loss": 0.48286548256874084, "_timestamp": 1722847035.9623802, "_runtime": 11.929495096206665, "_step": 499, "_wandb": {"runtime": 10}}