{"loss": 0.6214888095855713, "weight_loss": 0.504921555519104, "quantized_loss": 0.005688026547431946, "batch_gradient": 0.0038049642462283373, "_timestamp": 1721118174.1918564, "_runtime": 12.904553413391113, "_step": 299, "_wandb": {"runtime": 11}}