{"loss": 0.19698888063430786, "quantized_loss": 0.42896711826324463, "_timestamp": 1722103366.0513048, "_runtime": 11.18287992477417, "_step": 499, "_wandb": {"runtime": 9}}