{"loss": 0.5279637575149536, "weight_dist": 0.2967718839645386, "quantized_loss": 0.5310525298118591, "batch_gradient": 0.0009995640721172094, "_timestamp": 1722886101.9633367, "_runtime": 13.98195767402649, "_step": 299, "_wandb": {"runtime": 12}}