{"loss": 0.37882012128829956, "weight_loss": 1.0001059770584106, "quantized_loss": 1.9827306270599365, "batch_gradient": 0.008590092882514, "_timestamp": 1721120989.2910738, "_runtime": 20.085538864135742, "_step": 299, "_wandb": {"runtime": 19}}