{"loss": 0.5447230935096741, "weight_loss": 0.22506143152713776, "quantized_loss": 1.2404541969299316, "batch_gradient": 0.03806641325354576, "_timestamp": 1721119930.7780259, "_runtime": 14.748459815979004, "_step": 299, "_wandb": {"runtime": 13}}