{"loss": 0.3609795570373535, "weight_loss": 0.06601713597774506, "quantized_loss": 1.980223298072815, "batch_gradient": 0.007342296652495861, "_timestamp": 1720617932.8203535, "_runtime": 21.972139596939087, "_step": 599, "_wandb": {"runtime": 20}}