{"loss": 0.5534288883209229, "weight_loss": 0.21045224368572235, "quantized_loss": 1.2180144786834717, "batch_gradient": 0.057310543954372406, "_timestamp": 1721044912.753113, "_runtime": 18.864041090011597, "_step": 599, "_wandb": {"runtime": 17}}