{"loss": 0.3372061550617218, "quantized_loss": 0.34178969264030457, "_timestamp": 1722103395.061919, "_runtime": 10.176481008529663, "_step": 499, "_wandb": {"runtime": 8}}