{"loss": 0.40369951725006104, "weight_loss": 0.060780592262744904, "quantized_loss": 1.9001624584197998, "batch_gradient": 0.005245495121926069, "_timestamp": 1720602345.6420617, "_runtime": 16.848222732543945, "_step": 599, "_wandb": {"runtime": 16}}