{"loss": 0.6168973445892334, "weight_loss": 0.40746548771858215, "quantized_loss": 0.6164007186889648, "batch_gradient": 0.008601534180343151, "_timestamp": 1721988499.7635007, "_runtime": 13.597314596176147, "_step": 299, "_wandb": {"runtime": 12}}