{"loss": 0.6215490698814392, "weight_loss": 0.29373422265052795, "quantized_loss": 0.6238498687744141, "batch_gradient": 0.005801871418952942, "_timestamp": 1721988482.0795987, "_runtime": 16.62091565132141, "_step": 299, "_wandb": {"runtime": 15}}