{"loss": 0.6336655020713806, "weight_loss": 0.6466312408447266, "quantized_loss": 0.005641811992973089, "batch_gradient": 0.007222349289804697, "_timestamp": 1721118193.3763254, "_runtime": 16.0141384601593, "_step": 299, "_wandb": {"runtime": 14}}