{"loss": 0.5283243656158447, "weight_loss": 0.4281195104122162, "quantized_loss": 1.2693628072738647, "batch_gradient": 0.05290072038769722, "_timestamp": 1721119913.1532845, "_runtime": 13.07675051689148, "_step": 299, "_wandb": {"runtime": 11}}