{"loss": 0.467713862657547, "quantized_loss": 0.5010252594947815, "_timestamp": 1722847051.1723483, "_runtime": 11.919226169586182, "_step": 499, "_wandb": {"runtime": 10}}