{"loss": -0.4343845248222351, "weight_loss": 3.2070508003234863, "quantized_loss": -3.5457820892333984, "batch_gradient": 0.8429630398750305, "_timestamp": 1721997657.6881917, "_runtime": 13.821476697921753, "_step": 299, "_wandb": {"runtime": 12}}