{"loss": 0.6931473612785339, "weight_loss": 3.1622776985168457, "quantized_loss": 0.7086424827575684, "batch_gradient": 0.563948392868042, "_timestamp": 1720618947.5210993, "_runtime": 22.666627407073975, "_step": 599, "_wandb": {"runtime": 21}}