{"loss": 1.2512716239143629e-05, "weight_loss": 1.4215635061264038, "quantized_loss": 0.02670198120176792, "batch_gradient": 4.800641022484342e-07, "_timestamp": 1721117824.601523, "_runtime": 14.490520000457764, "_step": 299, "_wandb": {"runtime": 12}}