{"loss": 0.3891538679599762, "weight_loss": 0.7470954060554504, "quantized_loss": 0.38852086663246155, "batch_gradient": 0.006621884182095528, "_timestamp": 1721121252.168721, "_runtime": 14.404236078262329, "_step": 299, "_wandb": {"runtime": 13}}