{"loss": 0.5544494390487671, "weight_loss": 0.29341697692871094, "quantized_loss": 1.206514596939087, "batch_gradient": 0.013584448024630547, "_timestamp": 1721120267.418089, "_runtime": 13.825829982757568, "_step": 299, "_wandb": {"runtime": 12}}