{"loss": 0.6008286476135254, "weight_loss": 0.042769789695739746, "quantized_loss": 0.9734000563621521, "batch_gradient": 0.0023613697849214077, "_timestamp": 1720624716.9252176, "_runtime": 20.863030672073364, "_step": 599, "_wandb": {"runtime": 19}}