{"loss": 0.613173246383667, "weight_loss": 0.03969679772853851, "quantized_loss": 0.9546618461608887, "batch_gradient": 0.0023237999994307756, "_timestamp": 1720624692.0799325, "_runtime": 22.71925449371338, "_step": 599, "_wandb": {"runtime": 22}}