{"loss": 0.6643778085708618, "weight_loss": 0.31328094005584717, "quantized_loss": 3.6218461990356445, "batch_gradient": 0.2661094069480896, "_timestamp": 1721119406.2952356, "_runtime": 12.622890710830688, "_step": 299, "_wandb": {"runtime": 11}}