{"loss": 0.6185303926467896, "weight_loss": 0.013898473232984543, "quantized_loss": 0.9589321613311768, "batch_gradient": 0.003981882706284523, "_timestamp": 1721049582.3955374, "_runtime": 16.600013494491577, "_step": 599, "_wandb": {"runtime": 15}}