{"loss": 0.6251490712165833, "weight_loss": 0.32461920380592346, "quantized_loss": 0.9525079131126404, "batch_gradient": 0.11457531899213791, "_timestamp": 1720677590.9098463, "_runtime": 18.409417390823364, "_step": 599, "_wandb": {"runtime": 16}}