{"loss": 0.5365224480628967, "weight_loss": 0.22270306944847107, "quantized_loss": 0.5356974005699158, "batch_gradient": 0.005628987681120634, "_timestamp": 1721999128.7246346, "_runtime": 13.641138553619385, "_step": 299, "_wandb": {"runtime": 13}}