{"loss": 22.160354614257812, "weight_loss": 0.06763478368520737, "quantized_loss": 33.74786376953125, "batch_gradient": 0.0391995869576931, "_timestamp": 1721118681.7232115, "_runtime": 13.035828590393066, "_step": 299, "_wandb": {"runtime": 12}}