{"loss": 0.6140123009681702, "weight_dist": 0.22384454309940338, "quantized_loss": 0.6135258674621582, "batch_gradient": 0.055159635841846466, "_timestamp": 1722884780.414171, "_runtime": 15.045055866241455, "_step": 299, "_wandb": {"runtime": 13}}