{"loss": -0.41678386926651, "weight_loss": 3.2082319259643555, "quantized_loss": -3.4682962894439697, "batch_gradient": 0.8437511920928955, "_timestamp": 1721997605.8073244, "_runtime": 15.389403343200684, "_step": 299, "_wandb": {"runtime": 13}}