{"loss": 0.615087628364563, "weight_loss": 0.21573691070079803, "quantized_loss": 0.9635500311851501, "batch_gradient": 0.006044045090675354, "_timestamp": 1721049602.953204, "_runtime": 17.160849809646606, "_step": 599, "_wandb": {"runtime": 15}}