{"loss": 0.667272686958313, "weight_loss": 2.790625810623169, "quantized_loss": 0.8351489305496216, "batch_gradient": 0.28204670548439026, "_timestamp": 1721044814.5191169, "_runtime": 19.5261127948761, "_step": 599, "_wandb": {"runtime": 18}}