{"loss": 0.5156803131103516, "weight_loss": 0.7392484545707703, "quantized_loss": 1.2649303674697876, "batch_gradient": 0.0074544185772538185, "_timestamp": 1721051411.002877, "_runtime": 13.875327110290527, "_step": 299, "_wandb": {"runtime": 12}}