{"loss": 0.5417079329490662, "quantized_loss": 0.553559422492981, "_timestamp": 1722847097.8384926, "_runtime": 12.63284969329834, "_step": 499, "_wandb": {"runtime": 11}}