{"loss": 0.6305856108665466, "weight_loss": 0.20161569118499756, "quantized_loss": 0.9433853030204773, "batch_gradient": 0.00610197102651, "_timestamp": 1721049643.1559536, "_runtime": 16.928597688674927, "_step": 599, "_wandb": {"runtime": 15}}