{"loss": 0.6350187063217163, "weight_loss": 0.37435683608055115, "quantized_loss": 0.62432861328125, "batch_gradient": 0.15581117570400238, "_timestamp": 1721988566.1760888, "_runtime": 13.334526777267456, "_step": 299, "_wandb": {"runtime": 11}}