{"loss": 0.5338644981384277, "weight_loss": 0.323504775762558, "quantized_loss": 0.5348733067512512, "batch_gradient": 0.0044001005589962006, "_timestamp": 1721988898.381804, "_runtime": 12.52934193611145, "_step": 299, "_wandb": {"runtime": 11}}