{"loss": 0.5344082117080688, "weight_loss": 0.2883613407611847, "quantized_loss": 1.251434087753296, "batch_gradient": 0.0009708412690088153, "_timestamp": 1721119896.840326, "_runtime": 13.928159952163696, "_step": 299, "_wandb": {"runtime": 12}}