{"loss": 0.02110953815281391, "weight_loss": 0.3129200339317322, "quantized_loss": 0.13478706777095795, "batch_gradient": 0.2774592638015747, "_timestamp": 1721119053.544825, "_runtime": 12.805773973464966, "_step": 299, "_wandb": {"runtime": 11}}