{"loss": 0.5249320864677429, "weight_dist": 0.19564250111579895, "quantized_loss": 0.5240046381950378, "batch_gradient": 0.0042214542627334595, "_timestamp": 1722886119.2139106, "_runtime": 13.780719518661499, "_step": 299, "_wandb": {"runtime": 12}}