{"loss": 0.6113722920417786, "weight_loss": 0.2908356785774231, "quantized_loss": 0.6130451560020447, "batch_gradient": 0.003230419009923935, "_timestamp": 1721988531.6889932, "_runtime": 11.787147283554077, "_step": 299, "_wandb": {"runtime": 10}}