{"loss": 0.5523706078529358, "weight_loss": 0.7514186501502991, "quantized_loss": 1.238703966140747, "batch_gradient": 0.008543399162590504, "_timestamp": 1721051377.0512407, "_runtime": 15.718568563461304, "_step": 299, "_wandb": {"runtime": 15}}