{"loss": 1.922843512147665e-05, "weight_loss": 1.0845351219177246, "quantized_loss": 0.02633507177233696, "batch_gradient": 3.6232066236152605e-07, "_timestamp": 1721117876.5967863, "_runtime": 13.574329376220703, "_step": 299, "_wandb": {"runtime": 12}}