{"loss": -0.4207930862903595, "weight_loss": 3.2082319259643555, "quantized_loss": -3.465665578842163, "batch_gradient": 0.8437513709068298, "_timestamp": 1721997640.3014355, "_runtime": 14.487011432647705, "_step": 299, "_wandb": {"runtime": 12}}