{"loss": 22.26384162902832, "weight_loss": 0.038117699325084686, "quantized_loss": 33.749114990234375, "batch_gradient": 0.10797583311796188, "_timestamp": 1721118755.9762964, "_runtime": 14.36161732673645, "_step": 299, "_wandb": {"runtime": 12}}