{"loss": 0.6350383162498474, "weight_loss": 0.2488609105348587, "quantized_loss": 0.9377630949020386, "batch_gradient": 0.061344996094703674, "_timestamp": 1720677610.8528943, "_runtime": 16.25223135948181, "_step": 599, "_wandb": {"runtime": 14}}