{"loss": 0.6106489300727844, "weight_loss": 0.14614775776863098, "quantized_loss": 0.9688692688941956, "batch_gradient": 0.005477254278957844, "_timestamp": 1720677568.6938252, "_runtime": 15.680145263671875, "_step": 599, "_wandb": {"runtime": 14}}