{"loss": 0.6794970035552979, "weight_loss": 0.31464922428131104, "quantized_loss": 3.4617788791656494, "batch_gradient": 0.2914848029613495, "_timestamp": 1721119338.3053002, "_runtime": 15.065163135528564, "_step": 299, "_wandb": {"runtime": 13}}