{"loss": 0.5404248833656311, "weight_loss": 0.1279282420873642, "quantized_loss": 1.2230136394500732, "batch_gradient": 0.008431307040154934, "_timestamp": 1721120302.4238446, "_runtime": 14.927220582962036, "_step": 299, "_wandb": {"runtime": 13}}