{"loss": 0.3840916156768799, "quantized_loss": 0.4196256697177887, "_timestamp": 1722846555.400528, "_runtime": 11.548605918884277, "_step": 499, "_wandb": {"runtime": 9}}