{"loss": 0.3983777165412903, "weight_loss": 0.18103058636188507, "quantized_loss": 0.39601126313209534, "batch_gradient": 0.034375984221696854, "_timestamp": 1721998423.7763708, "_runtime": 13.653290748596191, "_step": 299, "_wandb": {"runtime": 12}}